compound,name,maxFlux
cpd00118,Putrescine,100
cpd00069,L-Tyrosine,100
cpd10516,Fe+3,100
cpd01826,Dicopac,100
cpd00216,Chorismate,100
cpd00033,Glycine,100
cpd00119,L-Histidine,100
cpd00268,H2S2O3,100
cpd00528,N2,100
cpd01217,Xanthosine,100
cpd00288,D-Glucosamine phosphate,100
cpd11640,H2,100
cpd00039,L-Lysine,100
cpd00246,Inosine,100
cpd00060,L-Methionine,100
cpd00007,O2,100
cpd00149,Co2+,100
cpd00220,Riboflavin,100
cpd00939,Toxopyrimidine,100
cpd10515,Fe+2,100
cpd00184,Thymidine,100
cpd00064,Ornithine,100
cpd00254,Mg,100
cpd01175,Glyphosate,100
cpd00284,6-Phospho-D-gluconate,100
cpd00023,L-Glutamate,100
cpd00034,Zn2+,100
cpd00075,Nitrite,100
cpd00204,CO,100
cpd03886,Muramic acid,100
cpd00183,Sarcosine,100
cpd00393,Folate,100
cpd24831,3-mercaptopropanoic acid,100
cpd00051,L-Arginine,100
cpd00130,L-Malate,100
cpd03872,Fosfomycin,100
cpd00019,S-Adenosyl-homocysteine,100
cpd00205,K+,100
cpd00477,N-Acetyl-L-glutamate,100
cpd01757,N-Acetylmuramate,100
cpd00136,4-Hydroxybenzoate,100
cpd00703,Indoleacetate,100
cpd00309,XAN,100
cpd00249,Uridine,100
cpd00659,Nitrous oxide,100
cpd00104,BIOT,100
cpd00395,L-Cysteate,100
cpd02491,DMSP,100
cpd00048,Sulfate,100
cpd00081,Sulfite,100
cpd00011,CO2,100
cpd00182,Adenosine,100
cpd00009,Phosphate,100
cpd00095,Glycerone-phosphate,100
cpd00207,Guanine,100
cpd00107,L-Leucine,100
cpd00161,L-Threonine,100
cpd00006,NADP,100
cpd00041,L-Aspartate,100
cpd01012,Cd2+,100
cpd02233,Ciliatine,100
cpd00073,Urea,100
cpd11574,Molybdate,100
cpd00132,L-Asparagine,100
cpd00018,AMP,100
cpd00114,IMP,100
cpd01311,Dethiobiotin,100
cpd04654,Caffeine,100
cpd00084,L-Cysteine,100
cpd00443,ABEE,100
cpd27013,Elemental-Sulfur,100
cpd00030,Mn2+,100
cpd07719,Syringic acid,100
cpd01157,Chitobiose,100
cpd00263,Pyridoxol,100
cpd00065,L-Tryptophan,100
cpd00305,Thiamin,100
cpd03396,Selenate,100
cpd00099,Cl-,100
cpd00067,H+,100
cpd00209,Nitrate,100
cpd00001,H2O,100
cpd11632,hn,100
cpd27182,Glycerol-1-phosphate,100
cpd00644,PAN,100
cpd00129,L-Proline,100
cpd00318,Tryptamine,100
cpd27607,N-acetyl-D-galactosamine,100
cpd00042,GSH,100
cpd00008,ADP,100
cpd00058,Cu2+,100
cpd00244,Ni2+,100
cpd00210,Taurine,100
cpd00367,Cytidine,100
cpd03047,Taurocholate,100
cpd00322,L-Isoleucine,100
cpd00035,L-Alanine,100
cpd00168,"2,3-Dihydroxybenzoate",100
cpd00013,NH3,100
cpd00275,L-Kynurenine,100
cpd00091,UMP,100
cpd00971,Na+,100
cpd00531,Hg2+,100
cpd00053,L-Glutamine,100
cpd00239,H2S,100
cpd00128,Adenine,100
cpd00264,Spermidine,100
cpd00227,L-Homoserine,100
cpd00311,Guanosine,100
cpd03048,Isethionate,100
cpd00066,L-Phenylalanine,100
cpd00242,H2CO3,100
cpd00137,Citrate,100
cpd03727,Ectoine,100
cpd00003,NAD,100
cpd00036,Succinate,100
cpd00098,Choline,100
cpd00024,2-Oxoglutarate,100
cpd00156,L-Valine,100
cpd00863,beta-D-Glucose 6-phosphate,100
cpd19006,alpha-D-Glucose 6-phosphate,100
cpd00274,Citrulline,100
cpd00540,BET,100
cpd00063,Ca2+,100
cpd00054,L-Serine,100